-- DROP TABLE "drivers";

CREATE TABLE "drivers" (
  "id" SERIAL PRIMARY KEY,
  "first_name" VARCHAR(50),
  "last_name" VARCHAR(50),
  "phone" VARCHAR(50),
  "gender" VARCHAR(50),
  "psychotype" TEXT,
  "vehicle_id" INT,
  "protection_type_id" INT,
  "exceptional_merits" INT
);

CREATE TABLE "vehicles" (
  "id" SERIAL PRIMARY KEY,
  "warehouse_id" INT,
  "averege_speed" INT
);

CREATE TABLE "warehouses" (
  "id" SERIAL PRIMARY KEY,
  "location" VARCHAR(50)
);

CREATE TABLE "warehouse_items" (
  "id" SERIAL PRIMARY KEY,
  "item_id" INT,
  "warehouse_id" INT
);

CREATE TABLE "items" (
  "id" SERIAL PRIMARY KEY,
  "name" VARCHAR(50)
);

CREATE TABLE "subscriptions" (
  "id" SERIAL PRIMARY KEY,
  "cost" INT,
  "item_id" INT
);

CREATE TABLE "clients" (
  "id" SERIAL PRIMARY KEY,
  "subscription_id" INT,
  "last_payment" datetime
);

ALTER TABLE "drivers" ADD FOREIGN KEY ("vehicle_id") REFERENCES "vehicles" ("id");

ALTER TABLE "vehicles" ADD FOREIGN KEY ("warehouse_id") REFERENCES "warehouses" ("id");

ALTER TABLE "warehouse_items" ADD FOREIGN KEY ("item_id") REFERENCES "items" ("id");

ALTER TABLE "warehouse_items" ADD FOREIGN KEY ("warehouse_id") REFERENCES "warehouses" ("id");

ALTER TABLE "subscriptions" ADD FOREIGN KEY ("item_id") REFERENCES "items" ("id");

ALTER TABLE "clients" ADD FOREIGN KEY ("subscription_id") REFERENCES "subscriptions" ("id");

insert into warehouses (id, location) values (1, '500 Eastwood Pass');
insert into warehouses (id, location) values (2, '576 Mitchell Way');
insert into warehouses (id, location) values (3, '00725 Dottie Pass');
insert into warehouses (id, location) values (4, '81043 Del Mar Court');
insert into warehouses (id, location) values (5, '3 Hoard Trail');
insert into warehouses (id, location) values (6, '4 Warrior Parkway');
insert into warehouses (id, location) values (7, '349 Burrows Center');
insert into warehouses (id, location) values (8, '03632 Debra Lane');
insert into warehouses (id, location) values (9, '0657 Mallard Hill');
insert into warehouses (id, location) values (10, '4582 Norway Maple Avenue');
insert into warehouses (id, location) values (11, '41305 Knutson Plaza');
insert into warehouses (id, location) values (12, '9663 Oneill Parkway');
insert into warehouses (id, location) values (13, '0 Mandrake Hill');
insert into warehouses (id, location) values (14, '68 Oakridge Parkway');
insert into warehouses (id, location) values (15, '5 Ridgeway Point');
insert into warehouses (id, location) values (16, '906 New Castle Circle');
insert into warehouses (id, location) values (17, '17 Commercial Road');
insert into warehouses (id, location) values (18, '269 Granby Trail');
insert into warehouses (id, location) values (19, '7 Granby Road');
insert into warehouses (id, location) values (20, '5271 Mitchell Lane');
insert into warehouses (id, location) values (21, '54 Ramsey Junction');
insert into warehouses (id, location) values (22, '996 Dawn Hill');
insert into warehouses (id, location) values (23, '670 Leroy Lane');
insert into warehouses (id, location) values (24, '1585 Golf View Place');
insert into warehouses (id, location) values (25, '56597 Clarendon Lane');
insert into warehouses (id, location) values (26, '34075 Colorado Place');
insert into warehouses (id, location) values (27, '016 Havey Pass');
insert into warehouses (id, location) values (28, '834 Melrose Parkway');
insert into warehouses (id, location) values (29, '7 Village Green Lane');
insert into warehouses (id, location) values (30, '21 Oxford Parkway');
insert into warehouses (id, location) values (31, '9017 Clove Alley');
insert into warehouses (id, location) values (32, '6 Lukken Parkway');
insert into warehouses (id, location) values (33, '72 Warbler Point');
insert into warehouses (id, location) values (34, '15 Hudson Road');
insert into warehouses (id, location) values (35, '73 Burning Wood Point');
insert into warehouses (id, location) values (36, '1 Buena Vista Terrace');
insert into warehouses (id, location) values (37, '86 Packers Road');
insert into warehouses (id, location) values (38, '3 Kropf Street');
insert into warehouses (id, location) values (39, '17 Dorton Trail');
insert into warehouses (id, location) values (40, '233 Maple Wood Junction');
insert into warehouses (id, location) values (41, '7 Fieldstone Lane');
insert into warehouses (id, location) values (42, '4406 Burrows Hill');
insert into warehouses (id, location) values (43, '2252 Northland Park');
insert into warehouses (id, location) values (44, '1 Drewry Circle');
insert into warehouses (id, location) values (45, '419 Carey Circle');
insert into warehouses (id, location) values (46, '495 Londonderry Junction');
insert into warehouses (id, location) values (47, '44641 Derek Lane');
insert into warehouses (id, location) values (48, '148 Miller Terrace');
insert into warehouses (id, location) values (49, '793 Bobwhite Pass');
insert into warehouses (id, location) values (50, '1 Holy Cross Point');
insert into warehouses (id, location) values (51, '3 Warner Center');
insert into warehouses (id, location) values (52, '53670 Brown Street');
insert into warehouses (id, location) values (53, '91 Butterfield Hill');
insert into warehouses (id, location) values (54, '64 Londonderry Trail');
insert into warehouses (id, location) values (55, '8089 Larry Drive');
insert into warehouses (id, location) values (56, '01417 Everett Plaza');
insert into warehouses (id, location) values (57, '62 Westport Trail');
insert into warehouses (id, location) values (58, '905 Waxwing Hill');
insert into warehouses (id, location) values (59, '5082 Jay Point');
insert into warehouses (id, location) values (60, '46326 Anderson Hill');
insert into warehouses (id, location) values (61, '99 Utah Crossing');
insert into warehouses (id, location) values (62, '2 Harper Alley');
insert into warehouses (id, location) values (63, '5193 Florence Parkway');
insert into warehouses (id, location) values (64, '654 Blackbird Street');
insert into warehouses (id, location) values (65, '74 Armistice Alley');
insert into warehouses (id, location) values (66, '246 Tennessee Way');
insert into warehouses (id, location) values (67, '8 Main Court');
insert into warehouses (id, location) values (68, '172 Oxford Way');
insert into warehouses (id, location) values (69, '51567 Monument Crossing');
insert into warehouses (id, location) values (70, '3168 Sundown Drive');
insert into warehouses (id, location) values (71, '8 Dayton Drive');
insert into warehouses (id, location) values (72, '014 Bay Plaza');
insert into warehouses (id, location) values (73, '55 Badeau Court');
insert into warehouses (id, location) values (74, '432 Bultman Trail');
insert into warehouses (id, location) values (75, '5258 Ryan Avenue');
insert into warehouses (id, location) values (76, '78538 Buell Crossing');
insert into warehouses (id, location) values (77, '16369 Sullivan Point');
insert into warehouses (id, location) values (78, '10271 Green Ridge Point');
insert into warehouses (id, location) values (79, '65566 Rigney Parkway');
insert into warehouses (id, location) values (80, '8 Carberry Street');
insert into warehouses (id, location) values (81, '2422 Utah Avenue');
insert into warehouses (id, location) values (82, '64 Farmco Point');
insert into warehouses (id, location) values (83, '4895 Fairfield Pass');
insert into warehouses (id, location) values (84, '1 Buena Vista Lane');
insert into warehouses (id, location) values (85, '32 Graedel Lane');
insert into warehouses (id, location) values (86, '21858 Pine View Park');
insert into warehouses (id, location) values (87, '5674 Magdeline Place');
insert into warehouses (id, location) values (88, '1 Columbus Court');
insert into warehouses (id, location) values (89, '7772 Farmco Point');
insert into warehouses (id, location) values (90, '191 Jay Parkway');
insert into warehouses (id, location) values (91, '927 Twin Pines Road');
insert into warehouses (id, location) values (92, '755 Sunfield Park');
insert into warehouses (id, location) values (93, '3913 John Wall Way');
insert into warehouses (id, location) values (94, '62 Spaight Parkway');
insert into warehouses (id, location) values (95, '26510 Esch Road');
insert into warehouses (id, location) values (96, '20 Iowa Drive');
insert into warehouses (id, location) values (97, '42 Upham Pass');
insert into warehouses (id, location) values (98, '56663 Eagle Crest Way');
insert into warehouses (id, location) values (99, '3011 Artisan Street');
insert into warehouses (id, location) values (100, '3893 Jenna Crossing');

insert into vehicles (id, warehouse_id, averege_speed) values (1, 88, 210);
insert into vehicles (id, warehouse_id, averege_speed) values (2, 100, 221);
insert into vehicles (id, warehouse_id, averege_speed) values (3, 7, 214);
insert into vehicles (id, warehouse_id, averege_speed) values (4, 98, 178);
insert into vehicles (id, warehouse_id, averege_speed) values (5, 74, 144);
insert into vehicles (id, warehouse_id, averege_speed) values (6, 51, 117);
insert into vehicles (id, warehouse_id, averege_speed) values (7, 4, 114);
insert into vehicles (id, warehouse_id, averege_speed) values (8, 61, 106);
insert into vehicles (id, warehouse_id, averege_speed) values (9, 80, 127);
insert into vehicles (id, warehouse_id, averege_speed) values (10, 20, 155);
insert into vehicles (id, warehouse_id, averege_speed) values (11, 11, 221);
insert into vehicles (id, warehouse_id, averege_speed) values (12, 58, 281);
insert into vehicles (id, warehouse_id, averege_speed) values (13, 87, 286);
insert into vehicles (id, warehouse_id, averege_speed) values (14, 79, 256);
insert into vehicles (id, warehouse_id, averege_speed) values (15, 47, 114);
insert into vehicles (id, warehouse_id, averege_speed) values (16, 22, 289);
insert into vehicles (id, warehouse_id, averege_speed) values (17, 79, 120);
insert into vehicles (id, warehouse_id, averege_speed) values (18, 44, 181);
insert into vehicles (id, warehouse_id, averege_speed) values (19, 51, 196);
insert into vehicles (id, warehouse_id, averege_speed) values (20, 55, 158);
insert into vehicles (id, warehouse_id, averege_speed) values (21, 59, 136);
insert into vehicles (id, warehouse_id, averege_speed) values (22, 56, 171);
insert into vehicles (id, warehouse_id, averege_speed) values (23, 39, 116);
insert into vehicles (id, warehouse_id, averege_speed) values (24, 52, 272);
insert into vehicles (id, warehouse_id, averege_speed) values (25, 50, 272);
insert into vehicles (id, warehouse_id, averege_speed) values (26, 25, 118);
insert into vehicles (id, warehouse_id, averege_speed) values (27, 51, 111);
insert into vehicles (id, warehouse_id, averege_speed) values (28, 54, 111);
insert into vehicles (id, warehouse_id, averege_speed) values (29, 21, 202);
insert into vehicles (id, warehouse_id, averege_speed) values (30, 96, 256);
insert into vehicles (id, warehouse_id, averege_speed) values (31, 29, 194);
insert into vehicles (id, warehouse_id, averege_speed) values (32, 67, 121);
insert into vehicles (id, warehouse_id, averege_speed) values (33, 43, 190);
insert into vehicles (id, warehouse_id, averege_speed) values (34, 36, 283);
insert into vehicles (id, warehouse_id, averege_speed) values (35, 18, 130);
insert into vehicles (id, warehouse_id, averege_speed) values (36, 55, 185);
insert into vehicles (id, warehouse_id, averege_speed) values (37, 17, 109);
insert into vehicles (id, warehouse_id, averege_speed) values (38, 72, 251);
insert into vehicles (id, warehouse_id, averege_speed) values (39, 99, 254);
insert into vehicles (id, warehouse_id, averege_speed) values (40, 73, 109);
insert into vehicles (id, warehouse_id, averege_speed) values (41, 85, 134);
insert into vehicles (id, warehouse_id, averege_speed) values (42, 17, 279);
insert into vehicles (id, warehouse_id, averege_speed) values (43, 74, 181);
insert into vehicles (id, warehouse_id, averege_speed) values (44, 41, 110);
insert into vehicles (id, warehouse_id, averege_speed) values (45, 90, 295);
insert into vehicles (id, warehouse_id, averege_speed) values (46, 41, 251);
insert into vehicles (id, warehouse_id, averege_speed) values (47, 20, 174);
insert into vehicles (id, warehouse_id, averege_speed) values (48, 29, 213);
insert into vehicles (id, warehouse_id, averege_speed) values (49, 35, 271);
insert into vehicles (id, warehouse_id, averege_speed) values (50, 73, 161);
insert into vehicles (id, warehouse_id, averege_speed) values (51, 51, 298);
insert into vehicles (id, warehouse_id, averege_speed) values (52, 32, 170);
insert into vehicles (id, warehouse_id, averege_speed) values (53, 7, 297);
insert into vehicles (id, warehouse_id, averege_speed) values (54, 7, 225);
insert into vehicles (id, warehouse_id, averege_speed) values (55, 58, 287);
insert into vehicles (id, warehouse_id, averege_speed) values (56, 94, 275);
insert into vehicles (id, warehouse_id, averege_speed) values (57, 68, 277);
insert into vehicles (id, warehouse_id, averege_speed) values (58, 35, 213);
insert into vehicles (id, warehouse_id, averege_speed) values (59, 83, 119);
insert into vehicles (id, warehouse_id, averege_speed) values (60, 71, 100);
insert into vehicles (id, warehouse_id, averege_speed) values (61, 84, 107);
insert into vehicles (id, warehouse_id, averege_speed) values (62, 68, 176);
insert into vehicles (id, warehouse_id, averege_speed) values (63, 1, 255);
insert into vehicles (id, warehouse_id, averege_speed) values (64, 54, 221);
insert into vehicles (id, warehouse_id, averege_speed) values (65, 10, 137);
insert into vehicles (id, warehouse_id, averege_speed) values (66, 16, 151);
insert into vehicles (id, warehouse_id, averege_speed) values (67, 95, 244);
insert into vehicles (id, warehouse_id, averege_speed) values (68, 29, 122);
insert into vehicles (id, warehouse_id, averege_speed) values (69, 95, 215);
insert into vehicles (id, warehouse_id, averege_speed) values (70, 61, 261);
insert into vehicles (id, warehouse_id, averege_speed) values (71, 65, 223);
insert into vehicles (id, warehouse_id, averege_speed) values (72, 94, 100);
insert into vehicles (id, warehouse_id, averege_speed) values (73, 33, 153);
insert into vehicles (id, warehouse_id, averege_speed) values (74, 32, 123);
insert into vehicles (id, warehouse_id, averege_speed) values (75, 73, 291);
insert into vehicles (id, warehouse_id, averege_speed) values (76, 22, 296);
insert into vehicles (id, warehouse_id, averege_speed) values (77, 24, 219);
insert into vehicles (id, warehouse_id, averege_speed) values (78, 94, 202);
insert into vehicles (id, warehouse_id, averege_speed) values (79, 76, 268);
insert into vehicles (id, warehouse_id, averege_speed) values (80, 53, 176);
insert into vehicles (id, warehouse_id, averege_speed) values (81, 48, 230);
insert into vehicles (id, warehouse_id, averege_speed) values (82, 4, 222);
insert into vehicles (id, warehouse_id, averege_speed) values (83, 10, 173);
insert into vehicles (id, warehouse_id, averege_speed) values (84, 100, 207);
insert into vehicles (id, warehouse_id, averege_speed) values (85, 89, 254);
insert into vehicles (id, warehouse_id, averege_speed) values (86, 95, 130);
insert into vehicles (id, warehouse_id, averege_speed) values (87, 49, 197);
insert into vehicles (id, warehouse_id, averege_speed) values (88, 69, 131);
insert into vehicles (id, warehouse_id, averege_speed) values (89, 78, 272);
insert into vehicles (id, warehouse_id, averege_speed) values (90, 7, 273);
insert into vehicles (id, warehouse_id, averege_speed) values (91, 20, 144);
insert into vehicles (id, warehouse_id, averege_speed) values (92, 94, 281);
insert into vehicles (id, warehouse_id, averege_speed) values (93, 15, 177);
insert into vehicles (id, warehouse_id, averege_speed) values (94, 71, 145);
insert into vehicles (id, warehouse_id, averege_speed) values (95, 4, 287);
insert into vehicles (id, warehouse_id, averege_speed) values (96, 97, 122);
insert into vehicles (id, warehouse_id, averege_speed) values (97, 82, 279);
insert into vehicles (id, warehouse_id, averege_speed) values (98, 63, 136);
insert into vehicles (id, warehouse_id, averege_speed) values (99, 86, 195);
insert into vehicles (id, warehouse_id, averege_speed) values (100, 71, 289);


insert into drivers (id, first_name, last_name, phone, gender, psychotype, vehicle_id, protection_type_id, exceptional_merits) values (1, 'Roby', 'Wohlers', '793-115-3178', 'Male', '51009-100', 1, 85, 42);
insert into drivers (id, first_name, last_name, phone, gender, psychotype, vehicle_id, protection_type_id, exceptional_merits) values (2, 'Clarita', 'Braniff', '944-539-8506', 'Male', '0944-4210', 2, 42, 93);
insert into drivers (id, first_name, last_name, phone, gender, psychotype, vehicle_id, protection_type_id, exceptional_merits) values (3, 'Georg', 'Binstead', '544-432-5531', 'Female', '67172-113', 3, 30, 37);
insert into drivers (id, first_name, last_name, phone, gender, psychotype, vehicle_id, protection_type_id, exceptional_merits) values (4, 'Kai', 'Marfield', '267-877-8702', 'Male', '11673-299', 4, 12, 9);
insert into drivers (id, first_name, last_name, phone, gender, psychotype, vehicle_id, protection_type_id, exceptional_merits) values (5, 'Angelita', 'Iggulden', '177-624-3472', 'Male', '33261-788', 5, 37, 98);
insert into drivers (id, first_name, last_name, phone, gender, psychotype, vehicle_id, protection_type_id, exceptional_merits) values (6, 'Helene', 'Semaine', '503-649-1088', 'Male', '59779-519', 6, 54, 73);
insert into drivers (id, first_name, last_name, phone, gender, psychotype, vehicle_id, protection_type_id, exceptional_merits) values (7, 'Milissent', 'Jelphs', '450-144-4095', 'Female', '51346-181', 7, 49, 41);
insert into drivers (id, first_name, last_name, phone, gender, psychotype, vehicle_id, protection_type_id, exceptional_merits) values (8, 'Ninnetta', 'Thurlby', '140-899-6086', 'Female', '52125-117', 8, 96, 45);
insert into drivers (id, first_name, last_name, phone, gender, psychotype, vehicle_id, protection_type_id, exceptional_merits) values (9, 'Oriana', 'Cerman', '156-263-3953', 'Male', '16590-697', 9, 93, 34);
insert into drivers (id, first_name, last_name, phone, gender, psychotype, vehicle_id, protection_type_id, exceptional_merits) values (10, 'Pepe', 'Peoples', '826-799-1971', 'Female', '43269-613', 10, 31, 74);
insert into drivers (id, first_name, last_name, phone, gender, psychotype, vehicle_id, protection_type_id, exceptional_merits) values (11, 'Vivianne', 'Tunder', '381-544-7748', 'Female', '34460-6004', 11, 12, 10);
insert into drivers (id, first_name, last_name, phone, gender, psychotype, vehicle_id, protection_type_id, exceptional_merits) values (12, 'Damaris', 'Weond', '158-711-1708', 'Male', '0904-7822', 12, 30, 98);
insert into drivers (id, first_name, last_name, phone, gender, psychotype, vehicle_id, protection_type_id, exceptional_merits) values (13, 'Aldrich', 'Clowney', '315-609-7565', 'Female', '55289-092', 13, 44, 71);
insert into drivers (id, first_name, last_name, phone, gender, psychotype, vehicle_id, protection_type_id, exceptional_merits) values (14, 'Trent', 'Macauley', '713-135-7318', 'Female', '63187-074', 14, 27, 52);
insert into drivers (id, first_name, last_name, phone, gender, psychotype, vehicle_id, protection_type_id, exceptional_merits) values (15, 'Sawyer', 'Gilbert', '246-395-9271', 'Female', '36987-2582', 15, 81, 45);
insert into drivers (id, first_name, last_name, phone, gender, psychotype, vehicle_id, protection_type_id, exceptional_merits) values (16, 'Trenna', 'Iveagh', '761-232-4153', 'Female', '49967-626', 16, 24, 77);
insert into drivers (id, first_name, last_name, phone, gender, psychotype, vehicle_id, protection_type_id, exceptional_merits) values (17, 'Sibelle', 'Jandel', '263-430-8453', 'Male', '55316-578', 17, 62, 53);
insert into drivers (id, first_name, last_name, phone, gender, psychotype, vehicle_id, protection_type_id, exceptional_merits) values (18, 'Berty', 'Bagster', '546-246-0830', 'Male', '51655-318', 18, 40, 52);
insert into drivers (id, first_name, last_name, phone, gender, psychotype, vehicle_id, protection_type_id, exceptional_merits) values (19, 'Janey', 'Weare', '290-418-5782', 'Male', '57955-5041', 19, 96, 32);
insert into drivers (id, first_name, last_name, phone, gender, psychotype, vehicle_id, protection_type_id, exceptional_merits) values (20, 'Ame', 'Troy', '658-840-4725', 'Female', '11822-0130', 20, 36, 84);
insert into drivers (id, first_name, last_name, phone, gender, psychotype, vehicle_id, protection_type_id, exceptional_merits) values (21, 'Aldrich', 'Frampton', '922-866-4148', 'Female', '57344-152', 21, 18, 70);
insert into drivers (id, first_name, last_name, phone, gender, psychotype, vehicle_id, protection_type_id, exceptional_merits) values (22, 'Dillon', 'Defond', '389-124-2062', 'Female', '51523-022', 22, 4, 89);
insert into drivers (id, first_name, last_name, phone, gender, psychotype, vehicle_id, protection_type_id, exceptional_merits) values (23, 'Antonius', 'Dickin', '482-310-7961', 'Male', '0178-0866', 23, 76, 49);
insert into drivers (id, first_name, last_name, phone, gender, psychotype, vehicle_id, protection_type_id, exceptional_merits) values (24, 'Jarvis', 'Curd', '103-652-4375', 'Female', '56062-002', 24, 31, 51);
insert into drivers (id, first_name, last_name, phone, gender, psychotype, vehicle_id, protection_type_id, exceptional_merits) values (25, 'Harriet', 'Bean', '973-569-7628', 'Female', '29500-8050', 25, 78, 100);
insert into drivers (id, first_name, last_name, phone, gender, psychotype, vehicle_id, protection_type_id, exceptional_merits) values (26, 'Ronny', 'Starte', '640-574-1936', 'Male', '54575-163', 26, 42, 41);
insert into drivers (id, first_name, last_name, phone, gender, psychotype, vehicle_id, protection_type_id, exceptional_merits) values (27, 'Friedrich', 'Drache', '294-656-6058', 'Female', '43857-0152', 27, 7, 39);
insert into drivers (id, first_name, last_name, phone, gender, psychotype, vehicle_id, protection_type_id, exceptional_merits) values (28, 'Townsend', 'Sheach', '888-645-0132', 'Female', '68151-2781', 28, 6, 60);
insert into drivers (id, first_name, last_name, phone, gender, psychotype, vehicle_id, protection_type_id, exceptional_merits) values (29, 'Fanni', 'Steiner', '279-149-2088', 'Female', '55154-4180', 29, 81, 3);
insert into drivers (id, first_name, last_name, phone, gender, psychotype, vehicle_id, protection_type_id, exceptional_merits) values (30, 'Melosa', 'Fortesquieu', '463-498-0484', 'Male', '50458-587', 30, 57, 48);
insert into drivers (id, first_name, last_name, phone, gender, psychotype, vehicle_id, protection_type_id, exceptional_merits) values (31, 'Blanca', 'Barensky', '594-404-7077', 'Male', '63629-5034', 31, 43, 99);
insert into drivers (id, first_name, last_name, phone, gender, psychotype, vehicle_id, protection_type_id, exceptional_merits) values (32, 'Phillipp', 'Stachini', '877-891-7705', 'Female', '51285-943', 32, 62, 65);
insert into drivers (id, first_name, last_name, phone, gender, psychotype, vehicle_id, protection_type_id, exceptional_merits) values (33, 'Minta', 'Fumagall', '102-864-9077', 'Male', '10922-825', 33, 10, 25);
insert into drivers (id, first_name, last_name, phone, gender, psychotype, vehicle_id, protection_type_id, exceptional_merits) values (34, 'Gunner', 'Wightman', '101-764-9583', 'Female', '43455-0013', 34, 97, 7);
insert into drivers (id, first_name, last_name, phone, gender, psychotype, vehicle_id, protection_type_id, exceptional_merits) values (35, 'Mead', 'Elsby', '273-415-9108', 'Female', '64942-1044', 35, 22, 73);
insert into drivers (id, first_name, last_name, phone, gender, psychotype, vehicle_id, protection_type_id, exceptional_merits) values (36, 'Mamie', 'Cobden', '709-328-6647', 'Male', '66116-484', 36, 64, 15);
insert into drivers (id, first_name, last_name, phone, gender, psychotype, vehicle_id, protection_type_id, exceptional_merits) values (37, 'Evvy', 'Leney', '930-265-6312', 'Male', '0054-8297', 37, 74, 61);
insert into drivers (id, first_name, last_name, phone, gender, psychotype, vehicle_id, protection_type_id, exceptional_merits) values (38, 'Petey', 'Cornwell', '338-766-0680', 'Female', '21695-159', 38, 87, 62);
insert into drivers (id, first_name, last_name, phone, gender, psychotype, vehicle_id, protection_type_id, exceptional_merits) values (39, 'Whitaker', 'Blazejewski', '597-817-2670', 'Male', '55253-801', 39, 42, 63);
insert into drivers (id, first_name, last_name, phone, gender, psychotype, vehicle_id, protection_type_id, exceptional_merits) values (40, 'Dina', 'Cruces', '322-932-2578', 'Female', '54868-5104', 40, 45, 11);
insert into drivers (id, first_name, last_name, phone, gender, psychotype, vehicle_id, protection_type_id, exceptional_merits) values (41, 'Hansiain', 'Bristoe', '410-398-7568', 'Male', '17714-043', 41, 6, 66);
insert into drivers (id, first_name, last_name, phone, gender, psychotype, vehicle_id, protection_type_id, exceptional_merits) values (42, 'Sadye', 'Royl', '959-524-1392', 'Female', '0378-8303', 42, 56, 29);
insert into drivers (id, first_name, last_name, phone, gender, psychotype, vehicle_id, protection_type_id, exceptional_merits) values (43, 'Anissa', 'Findlow', '634-985-3406', 'Male', '16729-218', 43, 71, 61);
insert into drivers (id, first_name, last_name, phone, gender, psychotype, vehicle_id, protection_type_id, exceptional_merits) values (44, 'Brendan', 'Samwaye', '923-150-2765', 'Female', '54868-4981', 44, 56, 33);
insert into drivers (id, first_name, last_name, phone, gender, psychotype, vehicle_id, protection_type_id, exceptional_merits) values (45, 'Yorgo', 'Pates', '141-735-6709', 'Female', '68428-075', 45, 82, 32);
insert into drivers (id, first_name, last_name, phone, gender, psychotype, vehicle_id, protection_type_id, exceptional_merits) values (46, 'Laurene', 'Wenden', '244-743-7892', 'Female', '37000-601', 46, 85, 14);
insert into drivers (id, first_name, last_name, phone, gender, psychotype, vehicle_id, protection_type_id, exceptional_merits) values (47, 'Jabez', 'Jurzyk', '639-782-4403', 'Female', '64097-0001', 47, 9, 98);
insert into drivers (id, first_name, last_name, phone, gender, psychotype, vehicle_id, protection_type_id, exceptional_merits) values (48, 'Averyl', 'McKeaveney', '328-204-0366', 'Male', '0115-2122', 48, 97, 41);
insert into drivers (id, first_name, last_name, phone, gender, psychotype, vehicle_id, protection_type_id, exceptional_merits) values (49, 'Joete', 'Meehan', '317-816-0114', 'Female', '63736-014', 49, 84, 96);
insert into drivers (id, first_name, last_name, phone, gender, psychotype, vehicle_id, protection_type_id, exceptional_merits) values (50, 'Sydelle', 'Challender', '681-372-3489', 'Male', '64679-701', 50, 80, 16);
insert into drivers (id, first_name, last_name, phone, gender, psychotype, vehicle_id, protection_type_id, exceptional_merits) values (51, 'Tammie', 'Dewen', '538-969-8845', 'Male', '63323-117', 51, 80, 8);
insert into drivers (id, first_name, last_name, phone, gender, psychotype, vehicle_id, protection_type_id, exceptional_merits) values (52, 'Eugenio', 'Falvey', '153-193-8501', 'Male', '0310-0751', 52, 38, 90);
insert into drivers (id, first_name, last_name, phone, gender, psychotype, vehicle_id, protection_type_id, exceptional_merits) values (53, 'Isidore', 'Berfoot', '190-659-2065', 'Female', '48417-750', 53, 42, 91);
insert into drivers (id, first_name, last_name, phone, gender, psychotype, vehicle_id, protection_type_id, exceptional_merits) values (54, 'Leopold', 'Luberti', '950-716-0200', 'Female', '64980-154', 54, 94, 1);
insert into drivers (id, first_name, last_name, phone, gender, psychotype, vehicle_id, protection_type_id, exceptional_merits) values (55, 'Stan', 'Gronav', '740-391-2185', 'Male', '59779-458', 55, 69, 8);
insert into drivers (id, first_name, last_name, phone, gender, psychotype, vehicle_id, protection_type_id, exceptional_merits) values (56, 'Chen', 'Moakson', '306-956-2787', 'Female', '57955-8315', 56, 75, 70);
insert into drivers (id, first_name, last_name, phone, gender, psychotype, vehicle_id, protection_type_id, exceptional_merits) values (57, 'Gordy', 'Willcox', '839-152-2653', 'Male', '60289-030', 57, 74, 50);
insert into drivers (id, first_name, last_name, phone, gender, psychotype, vehicle_id, protection_type_id, exceptional_merits) values (58, 'Rivi', 'Inett', '906-996-2031', 'Male', '54868-6270', 58, 22, 35);
insert into drivers (id, first_name, last_name, phone, gender, psychotype, vehicle_id, protection_type_id, exceptional_merits) values (59, 'Fanni', 'Ferriman', '859-703-8316', 'Female', '55045-3693', 59, 34, 51);
insert into drivers (id, first_name, last_name, phone, gender, psychotype, vehicle_id, protection_type_id, exceptional_merits) values (60, 'Cullin', 'Wetwood', '918-287-2775', 'Male', '42248-114', 60, 77, 4);
insert into drivers (id, first_name, last_name, phone, gender, psychotype, vehicle_id, protection_type_id, exceptional_merits) values (61, 'Jemmie', 'Baxster', '878-546-4406', 'Female', '49999-357', 61, 22, 59);
insert into drivers (id, first_name, last_name, phone, gender, psychotype, vehicle_id, protection_type_id, exceptional_merits) values (62, 'Weidar', 'De Ruel', '607-568-4213', 'Female', '50563-137', 62, 29, 79);
insert into drivers (id, first_name, last_name, phone, gender, psychotype, vehicle_id, protection_type_id, exceptional_merits) values (63, 'Charlean', 'Arstingall', '671-810-7699', 'Male', '17089-075', 63, 21, 11);
insert into drivers (id, first_name, last_name, phone, gender, psychotype, vehicle_id, protection_type_id, exceptional_merits) values (64, 'Zondra', 'Grindley', '243-624-6319', 'Female', '75847-1711', 64, 29, 42);
insert into drivers (id, first_name, last_name, phone, gender, psychotype, vehicle_id, protection_type_id, exceptional_merits) values (65, 'Dolley', 'Wife', '808-349-1941', 'Female', '66116-436', 65, 46, 78);
insert into drivers (id, first_name, last_name, phone, gender, psychotype, vehicle_id, protection_type_id, exceptional_merits) values (66, 'Daniella', 'Ede', '910-233-8786', 'Male', '0013-8717', 66, 58, 58);
insert into drivers (id, first_name, last_name, phone, gender, psychotype, vehicle_id, protection_type_id, exceptional_merits) values (67, 'Benita', 'Tiffany', '664-276-2268', 'Male', '0904-5307', 67, 67, 23);
insert into drivers (id, first_name, last_name, phone, gender, psychotype, vehicle_id, protection_type_id, exceptional_merits) values (68, 'Abbie', 'Seiller', '180-865-9054', 'Female', '49349-896', 68, 65, 95);
insert into drivers (id, first_name, last_name, phone, gender, psychotype, vehicle_id, protection_type_id, exceptional_merits) values (69, 'Janean', 'Biasio', '443-487-3573', 'Female', '63824-361', 69, 18, 36);
insert into drivers (id, first_name, last_name, phone, gender, psychotype, vehicle_id, protection_type_id, exceptional_merits) values (70, 'Camila', 'Avramchik', '503-796-8024', 'Male', '10812-959', 70, 52, 10);
insert into drivers (id, first_name, last_name, phone, gender, psychotype, vehicle_id, protection_type_id, exceptional_merits) values (71, 'Carver', 'Ropking', '564-592-2338', 'Female', '10578-049', 71, 95, 50);
insert into drivers (id, first_name, last_name, phone, gender, psychotype, vehicle_id, protection_type_id, exceptional_merits) values (72, 'Ozzie', 'Batthew', '687-459-8265', 'Female', '16590-191', 72, 78, 24);
insert into drivers (id, first_name, last_name, phone, gender, psychotype, vehicle_id, protection_type_id, exceptional_merits) values (73, 'Georgie', 'Gladtbach', '891-517-4659', 'Male', '44567-700', 73, 84, 77);
insert into drivers (id, first_name, last_name, phone, gender, psychotype, vehicle_id, protection_type_id, exceptional_merits) values (74, 'Veronike', 'Allaway', '226-746-0773', 'Male', '36987-3025', 74, 78, 10);
insert into drivers (id, first_name, last_name, phone, gender, psychotype, vehicle_id, protection_type_id, exceptional_merits) values (75, 'Maury', 'Stainfield', '359-922-1415', 'Male', '58181-3041', 75, 4, 36);
insert into drivers (id, first_name, last_name, phone, gender, psychotype, vehicle_id, protection_type_id, exceptional_merits) values (76, 'Yevette', 'Woan', '475-264-3605', 'Male', '10702-052', 76, 72, 62);
insert into drivers (id, first_name, last_name, phone, gender, psychotype, vehicle_id, protection_type_id, exceptional_merits) values (77, 'Gale', 'Outlaw', '277-198-6613', 'Male', '52544-959', 77, 1, 65);
insert into drivers (id, first_name, last_name, phone, gender, psychotype, vehicle_id, protection_type_id, exceptional_merits) values (78, 'Alta', 'Caras', '368-122-8096', 'Male', '59779-308', 78, 97, 57);
insert into drivers (id, first_name, last_name, phone, gender, psychotype, vehicle_id, protection_type_id, exceptional_merits) values (79, 'Hervey', 'Fenning', '908-994-9590', 'Female', '0615-5550', 79, 95, 11);
insert into drivers (id, first_name, last_name, phone, gender, psychotype, vehicle_id, protection_type_id, exceptional_merits) values (80, 'Haily', 'Bedminster', '162-410-0376', 'Female', '49288-0173', 80, 8, 76);
insert into drivers (id, first_name, last_name, phone, gender, psychotype, vehicle_id, protection_type_id, exceptional_merits) values (81, 'Codee', 'Piechnik', '318-885-7805', 'Male', '55316-001', 81, 23, 86);
insert into drivers (id, first_name, last_name, phone, gender, psychotype, vehicle_id, protection_type_id, exceptional_merits) values (82, 'Sharla', 'Heck', '184-235-4518', 'Female', '64679-312', 82, 96, 75);
insert into drivers (id, first_name, last_name, phone, gender, psychotype, vehicle_id, protection_type_id, exceptional_merits) values (83, 'Vallie', 'Swallow', '570-485-4999', 'Female', '51346-086', 83, 74, 37);
insert into drivers (id, first_name, last_name, phone, gender, psychotype, vehicle_id, protection_type_id, exceptional_merits) values (84, 'Stanfield', 'Folds', '849-293-7130', 'Female', '37000-326', 84, 52, 50);
insert into drivers (id, first_name, last_name, phone, gender, psychotype, vehicle_id, protection_type_id, exceptional_merits) values (85, 'Lenora', 'Storms', '598-753-2930', 'Male', '50458-815', 85, 20, 91);
insert into drivers (id, first_name, last_name, phone, gender, psychotype, vehicle_id, protection_type_id, exceptional_merits) values (86, 'Bealle', 'Petcher', '682-682-9539', 'Male', '63739-704', 86, 70, 19);
insert into drivers (id, first_name, last_name, phone, gender, psychotype, vehicle_id, protection_type_id, exceptional_merits) values (87, 'Aloisia', 'Pearde', '645-842-5934', 'Male', '0781-7106', 87, 23, 69);
insert into drivers (id, first_name, last_name, phone, gender, psychotype, vehicle_id, protection_type_id, exceptional_merits) values (88, 'Michail', 'Spread', '789-968-0978', 'Female', '62175-710', 88, 27, 93);
insert into drivers (id, first_name, last_name, phone, gender, psychotype, vehicle_id, protection_type_id, exceptional_merits) values (89, 'Cass', 'Cockerton', '380-518-6445', 'Male', '54575-188', 89, 93, 19);
insert into drivers (id, first_name, last_name, phone, gender, psychotype, vehicle_id, protection_type_id, exceptional_merits) values (90, 'Alejoa', 'Cowcha', '618-458-8437', 'Female', '75990-3111', 90, 70, 17);
insert into drivers (id, first_name, last_name, phone, gender, psychotype, vehicle_id, protection_type_id, exceptional_merits) values (91, 'Simone', 'Scott', '177-436-4712', 'Male', '0185-0017', 91, 81, 27);
insert into drivers (id, first_name, last_name, phone, gender, psychotype, vehicle_id, protection_type_id, exceptional_merits) values (92, 'Rozanna', 'Barchrameev', '225-172-1646', 'Female', '34690-5001', 92, 26, 51);
insert into drivers (id, first_name, last_name, phone, gender, psychotype, vehicle_id, protection_type_id, exceptional_merits) values (93, 'Melli', 'Solley', '588-917-9033', 'Male', '62756-094', 93, 19, 27);
insert into drivers (id, first_name, last_name, phone, gender, psychotype, vehicle_id, protection_type_id, exceptional_merits) values (94, 'Haroun', 'Ahearne', '942-247-7337', 'Female', '50458-578', 94, 21, 42);
insert into drivers (id, first_name, last_name, phone, gender, psychotype, vehicle_id, protection_type_id, exceptional_merits) values (95, 'Cary', 'Nardi', '195-730-1080', 'Male', '0703-4767', 95, 65, 54);
insert into drivers (id, first_name, last_name, phone, gender, psychotype, vehicle_id, protection_type_id, exceptional_merits) values (96, 'Vi', 'Calverd', '207-265-7516', 'Female', '61786-014', 96, 62, 67);
insert into drivers (id, first_name, last_name, phone, gender, psychotype, vehicle_id, protection_type_id, exceptional_merits) values (97, 'Waverly', 'Scalia', '510-429-6917', 'Female', '0591-3630', 97, 35, 98);
insert into drivers (id, first_name, last_name, phone, gender, psychotype, vehicle_id, protection_type_id, exceptional_merits) values (98, 'Felicia', 'Darlison', '712-887-3948', 'Male', '42254-096', 98, 1, 11);
insert into drivers (id, first_name, last_name, phone, gender, psychotype, vehicle_id, protection_type_id, exceptional_merits) values (99, 'Jess', 'Tear', '160-282-7750', 'Male', '25543-100', 99, 93, 20);
insert into drivers (id, first_name, last_name, phone, gender, psychotype, vehicle_id, protection_type_id, exceptional_merits) values (100, 'Rivalee', 'Seelbach', '957-457-1460', 'Male', '0113-0142', 100, 81, 16);

insert into items (id, name) values (1, 898);
insert into items (id, name) values (2, 410);
insert into items (id, name) values (3, 276);
insert into items (id, name) values (4, 244);
insert into items (id, name) values (5, 258);
insert into items (id, name) values (6, 249);
insert into items (id, name) values (7, 757);
insert into items (id, name) values (8, 390);
insert into items (id, name) values (9, 838);
insert into items (id, name) values (10, 228);

insert into warehouse_items (id, item_id, warehouse_id) values (1, 9, 29);
insert into warehouse_items (id, item_id, warehouse_id) values (2, 3, 60);
insert into warehouse_items (id, item_id, warehouse_id) values (3, 2, 92);
insert into warehouse_items (id, item_id, warehouse_id) values (4, 2, 4);
insert into warehouse_items (id, item_id, warehouse_id) values (5, 7, 68);
insert into warehouse_items (id, item_id, warehouse_id) values (6, 6, 39);
insert into warehouse_items (id, item_id, warehouse_id) values (7, 4, 54);
insert into warehouse_items (id, item_id, warehouse_id) values (8, 6, 57);
insert into warehouse_items (id, item_id, warehouse_id) values (9, 9, 89);
insert into warehouse_items (id, item_id, warehouse_id) values (10, 8, 18);
insert into warehouse_items (id, item_id, warehouse_id) values (11, 5, 47);
insert into warehouse_items (id, item_id, warehouse_id) values (12, 9, 18);
insert into warehouse_items (id, item_id, warehouse_id) values (13, 6, 44);
insert into warehouse_items (id, item_id, warehouse_id) values (14, 8, 18);
insert into warehouse_items (id, item_id, warehouse_id) values (15, 4, 31);
insert into warehouse_items (id, item_id, warehouse_id) values (16, 3, 76);
insert into warehouse_items (id, item_id, warehouse_id) values (17, 10, 64);
insert into warehouse_items (id, item_id, warehouse_id) values (18, 6, 56);
insert into warehouse_items (id, item_id, warehouse_id) values (19, 3, 9);
insert into warehouse_items (id, item_id, warehouse_id) values (20, 2, 19);
insert into warehouse_items (id, item_id, warehouse_id) values (21, 10, 1);
insert into warehouse_items (id, item_id, warehouse_id) values (22, 1, 46);
insert into warehouse_items (id, item_id, warehouse_id) values (23, 8, 50);
insert into warehouse_items (id, item_id, warehouse_id) values (24, 4, 84);
insert into warehouse_items (id, item_id, warehouse_id) values (25, 4, 40);
insert into warehouse_items (id, item_id, warehouse_id) values (26, 6, 74);
insert into warehouse_items (id, item_id, warehouse_id) values (27, 5, 54);
insert into warehouse_items (id, item_id, warehouse_id) values (28, 1, 40);
insert into warehouse_items (id, item_id, warehouse_id) values (29, 3, 31);
insert into warehouse_items (id, item_id, warehouse_id) values (30, 10, 92);
insert into warehouse_items (id, item_id, warehouse_id) values (31, 9, 8);
insert into warehouse_items (id, item_id, warehouse_id) values (32, 3, 65);
insert into warehouse_items (id, item_id, warehouse_id) values (33, 1, 95);
insert into warehouse_items (id, item_id, warehouse_id) values (34, 6, 27);
insert into warehouse_items (id, item_id, warehouse_id) values (35, 8, 20);
insert into warehouse_items (id, item_id, warehouse_id) values (36, 7, 63);
insert into warehouse_items (id, item_id, warehouse_id) values (37, 3, 54);
insert into warehouse_items (id, item_id, warehouse_id) values (38, 7, 34);
insert into warehouse_items (id, item_id, warehouse_id) values (39, 5, 28);
insert into warehouse_items (id, item_id, warehouse_id) values (40, 8, 88);
insert into warehouse_items (id, item_id, warehouse_id) values (41, 9, 72);
insert into warehouse_items (id, item_id, warehouse_id) values (42, 4, 14);
insert into warehouse_items (id, item_id, warehouse_id) values (43, 9, 52);
insert into warehouse_items (id, item_id, warehouse_id) values (44, 1, 96);
insert into warehouse_items (id, item_id, warehouse_id) values (45, 10, 78);
insert into warehouse_items (id, item_id, warehouse_id) values (46, 3, 78);
insert into warehouse_items (id, item_id, warehouse_id) values (47, 8, 26);
insert into warehouse_items (id, item_id, warehouse_id) values (48, 5, 51);
insert into warehouse_items (id, item_id, warehouse_id) values (49, 1, 86);
insert into warehouse_items (id, item_id, warehouse_id) values (50, 7, 24);
insert into warehouse_items (id, item_id, warehouse_id) values (51, 9, 91);
insert into warehouse_items (id, item_id, warehouse_id) values (52, 3, 95);
insert into warehouse_items (id, item_id, warehouse_id) values (53, 10, 81);
insert into warehouse_items (id, item_id, warehouse_id) values (54, 6, 52);
insert into warehouse_items (id, item_id, warehouse_id) values (55, 4, 42);
insert into warehouse_items (id, item_id, warehouse_id) values (56, 7, 53);
insert into warehouse_items (id, item_id, warehouse_id) values (57, 10, 17);
insert into warehouse_items (id, item_id, warehouse_id) values (58, 9, 16);
insert into warehouse_items (id, item_id, warehouse_id) values (59, 4, 23);
insert into warehouse_items (id, item_id, warehouse_id) values (60, 5, 98);
insert into warehouse_items (id, item_id, warehouse_id) values (61, 6, 22);
insert into warehouse_items (id, item_id, warehouse_id) values (62, 1, 9);
insert into warehouse_items (id, item_id, warehouse_id) values (63, 7, 15);
insert into warehouse_items (id, item_id, warehouse_id) values (64, 8, 41);
insert into warehouse_items (id, item_id, warehouse_id) values (65, 4, 2);
insert into warehouse_items (id, item_id, warehouse_id) values (66, 2, 55);
insert into warehouse_items (id, item_id, warehouse_id) values (67, 6, 80);
insert into warehouse_items (id, item_id, warehouse_id) values (68, 5, 20);
insert into warehouse_items (id, item_id, warehouse_id) values (69, 6, 53);
insert into warehouse_items (id, item_id, warehouse_id) values (70, 7, 69);
insert into warehouse_items (id, item_id, warehouse_id) values (71, 5, 34);
insert into warehouse_items (id, item_id, warehouse_id) values (72, 7, 31);
insert into warehouse_items (id, item_id, warehouse_id) values (73, 5, 49);
insert into warehouse_items (id, item_id, warehouse_id) values (74, 9, 54);
insert into warehouse_items (id, item_id, warehouse_id) values (75, 10, 77);
insert into warehouse_items (id, item_id, warehouse_id) values (76, 9, 92);
insert into warehouse_items (id, item_id, warehouse_id) values (77, 9, 87);
insert into warehouse_items (id, item_id, warehouse_id) values (78, 1, 27);
insert into warehouse_items (id, item_id, warehouse_id) values (79, 3, 90);
insert into warehouse_items (id, item_id, warehouse_id) values (80, 5, 1);
insert into warehouse_items (id, item_id, warehouse_id) values (81, 6, 51);
insert into warehouse_items (id, item_id, warehouse_id) values (82, 8, 98);
insert into warehouse_items (id, item_id, warehouse_id) values (83, 6, 80);
insert into warehouse_items (id, item_id, warehouse_id) values (84, 1, 20);
insert into warehouse_items (id, item_id, warehouse_id) values (85, 10, 17);
insert into warehouse_items (id, item_id, warehouse_id) values (86, 9, 32);
insert into warehouse_items (id, item_id, warehouse_id) values (87, 7, 75);
insert into warehouse_items (id, item_id, warehouse_id) values (88, 3, 76);
insert into warehouse_items (id, item_id, warehouse_id) values (89, 9, 73);
insert into warehouse_items (id, item_id, warehouse_id) values (90, 7, 27);
insert into warehouse_items (id, item_id, warehouse_id) values (91, 1, 52);
insert into warehouse_items (id, item_id, warehouse_id) values (92, 6, 54);
insert into warehouse_items (id, item_id, warehouse_id) values (93, 4, 52);
insert into warehouse_items (id, item_id, warehouse_id) values (94, 10, 18);
insert into warehouse_items (id, item_id, warehouse_id) values (95, 10, 72);
insert into warehouse_items (id, item_id, warehouse_id) values (96, 6, 71);
insert into warehouse_items (id, item_id, warehouse_id) values (97, 1, 13);
insert into warehouse_items (id, item_id, warehouse_id) values (98, 7, 55);
insert into warehouse_items (id, item_id, warehouse_id) values (99, 2, 4);
insert into warehouse_items (id, item_id, warehouse_id) values (100, 9, 66);

insert into subscriptions (id, cost, item_id) values (1, 1740, 6);
insert into subscriptions (id, cost, item_id) values (2, 7793, 1);
insert into subscriptions (id, cost, item_id) values (3, 3730, 10);
insert into subscriptions (id, cost, item_id) values (4, 268, 6);
insert into subscriptions (id, cost, item_id) values (5, 8992, 7);
insert into subscriptions (id, cost, item_id) values (6, 8781, 5);
insert into subscriptions (id, cost, item_id) values (7, 2555, 8);
insert into subscriptions (id, cost, item_id) values (8, 9067, 10);
insert into subscriptions (id, cost, item_id) values (9, 8479, 5);
insert into subscriptions (id, cost, item_id) values (10, 8611, 10);

insert into clients (id, subscription_id, last_payment) values (1, 10, '2020-06-07 05:07:46');
insert into clients (id, subscription_id, last_payment) values (2, 2, '2020-04-21 00:17:40');
insert into clients (id, subscription_id, last_payment) values (3, 3, '2020-10-23 18:16:10');
insert into clients (id, subscription_id, last_payment) values (4, 7, '2020-12-18 09:22:00');
insert into clients (id, subscription_id, last_payment) values (5, 1, '2020-09-24 16:54:28');
insert into clients (id, subscription_id, last_payment) values (6, 3, '2020-04-25 22:37:07');
insert into clients (id, subscription_id, last_payment) values (7, 9, '2021-01-02 14:26:16');
insert into clients (id, subscription_id, last_payment) values (8, 4, '2020-08-09 19:19:45');
insert into clients (id, subscription_id, last_payment) values (9, 2, '2020-03-11 07:04:28');
insert into clients (id, subscription_id, last_payment) values (10, 10, '2021-02-22 00:49:06');
insert into clients (id, subscription_id, last_payment) values (11, 7, '2020-06-30 18:43:45');
insert into clients (id, subscription_id, last_payment) values (12, 5, '2020-07-01 18:09:22');
insert into clients (id, subscription_id, last_payment) values (13, 10, '2021-01-15 15:58:50');
insert into clients (id, subscription_id, last_payment) values (14, 8, '2021-01-07 16:18:23');
insert into clients (id, subscription_id, last_payment) values (15, 3, '2020-06-06 15:27:59');
insert into clients (id, subscription_id, last_payment) values (16, 9, '2020-05-11 08:01:56');
insert into clients (id, subscription_id, last_payment) values (17, 1, '2021-02-15 20:13:57');
insert into clients (id, subscription_id, last_payment) values (18, 8, '2020-09-24 01:40:33');
insert into clients (id, subscription_id, last_payment) values (19, 4, '2020-04-04 12:38:24');
insert into clients (id, subscription_id, last_payment) values (20, 9, '2020-09-03 18:31:01');
insert into clients (id, subscription_id, last_payment) values (21, 2, '2020-03-25 03:58:51');
insert into clients (id, subscription_id, last_payment) values (22, 1, '2020-05-08 12:09:11');
insert into clients (id, subscription_id, last_payment) values (23, 2, '2021-03-05 16:50:01');
insert into clients (id, subscription_id, last_payment) values (24, 3, '2020-11-30 08:04:26');
insert into clients (id, subscription_id, last_payment) values (25, 6, '2020-12-14 10:40:33');
insert into clients (id, subscription_id, last_payment) values (26, 3, '2020-04-22 05:45:45');
insert into clients (id, subscription_id, last_payment) values (27, 7, '2020-12-11 17:25:03');
insert into clients (id, subscription_id, last_payment) values (28, 6, '2020-10-17 14:00:51');
insert into clients (id, subscription_id, last_payment) values (29, 9, '2020-05-25 03:25:29');
insert into clients (id, subscription_id, last_payment) values (30, 1, '2021-01-04 06:50:34');
insert into clients (id, subscription_id, last_payment) values (31, 6, '2020-11-15 03:54:16');
insert into clients (id, subscription_id, last_payment) values (32, 7, '2020-09-19 11:56:56');
insert into clients (id, subscription_id, last_payment) values (33, 9, '2020-06-07 13:29:45');
insert into clients (id, subscription_id, last_payment) values (34, 4, '2021-01-08 09:25:31');
insert into clients (id, subscription_id, last_payment) values (35, 6, '2020-04-26 16:51:07');
insert into clients (id, subscription_id, last_payment) values (36, 1, '2021-01-28 02:56:20');
insert into clients (id, subscription_id, last_payment) values (37, 5, '2020-06-03 05:08:15');
insert into clients (id, subscription_id, last_payment) values (38, 1, '2020-03-23 23:58:07');
insert into clients (id, subscription_id, last_payment) values (39, 2, '2020-09-15 08:22:22');
insert into clients (id, subscription_id, last_payment) values (40, 10, '2020-05-06 01:27:17');
insert into clients (id, subscription_id, last_payment) values (41, 4, '2021-03-03 12:34:50');
insert into clients (id, subscription_id, last_payment) values (42, 1, '2020-08-14 13:07:18');
insert into clients (id, subscription_id, last_payment) values (43, 4, '2020-03-16 04:12:44');
insert into clients (id, subscription_id, last_payment) values (44, 9, '2020-10-12 03:21:19');
insert into clients (id, subscription_id, last_payment) values (45, 10, '2020-09-13 21:14:40');
insert into clients (id, subscription_id, last_payment) values (46, 5, '2020-04-06 13:47:35');
insert into clients (id, subscription_id, last_payment) values (47, 1, '2021-01-24 00:52:34');
insert into clients (id, subscription_id, last_payment) values (48, 6, '2020-12-09 14:57:28');
insert into clients (id, subscription_id, last_payment) values (49, 9, '2020-06-09 19:03:59');
insert into clients (id, subscription_id, last_payment) values (50, 1, '2020-08-02 12:43:48');
insert into clients (id, subscription_id, last_payment) values (51, 3, '2020-12-22 02:29:49');
insert into clients (id, subscription_id, last_payment) values (52, 9, '2020-08-08 05:41:50');
insert into clients (id, subscription_id, last_payment) values (53, 7, '2020-09-06 06:39:41');
insert into clients (id, subscription_id, last_payment) values (54, 2, '2020-10-23 07:15:59');
insert into clients (id, subscription_id, last_payment) values (55, 10, '2020-07-23 19:41:23');
insert into clients (id, subscription_id, last_payment) values (56, 3, '2020-05-22 17:36:14');
insert into clients (id, subscription_id, last_payment) values (57, 6, '2021-01-09 14:50:10');
insert into clients (id, subscription_id, last_payment) values (58, 7, '2021-03-07 11:46:46');
insert into clients (id, subscription_id, last_payment) values (59, 9, '2021-03-09 22:14:23');
insert into clients (id, subscription_id, last_payment) values (60, 1, '2020-03-16 03:07:23');
insert into clients (id, subscription_id, last_payment) values (61, 4, '2020-12-13 10:20:30');
insert into clients (id, subscription_id, last_payment) values (62, 9, '2020-10-23 01:22:06');
insert into clients (id, subscription_id, last_payment) values (63, 8, '2020-12-01 05:47:06');
insert into clients (id, subscription_id, last_payment) values (64, 3, '2020-10-09 17:25:38');
insert into clients (id, subscription_id, last_payment) values (65, 5, '2020-06-11 11:00:57');
insert into clients (id, subscription_id, last_payment) values (66, 2, '2020-06-06 07:51:57');
insert into clients (id, subscription_id, last_payment) values (67, 4, '2020-12-14 20:06:38');
insert into clients (id, subscription_id, last_payment) values (68, 10, '2020-09-19 15:22:46');
insert into clients (id, subscription_id, last_payment) values (69, 7, '2020-11-02 19:40:50');
insert into clients (id, subscription_id, last_payment) values (70, 8, '2021-02-28 13:21:57');
insert into clients (id, subscription_id, last_payment) values (71, 6, '2020-07-17 14:00:47');
insert into clients (id, subscription_id, last_payment) values (72, 3, '2020-12-25 13:17:06');
insert into clients (id, subscription_id, last_payment) values (73, 3, '2020-12-04 08:55:03');
insert into clients (id, subscription_id, last_payment) values (74, 4, '2020-12-30 12:26:33');
insert into clients (id, subscription_id, last_payment) values (75, 5, '2020-12-25 10:39:36');
insert into clients (id, subscription_id, last_payment) values (76, 8, '2020-08-01 08:47:21');
insert into clients (id, subscription_id, last_payment) values (77, 9, '2021-02-24 19:50:20');
insert into clients (id, subscription_id, last_payment) values (78, 4, '2020-04-04 04:32:44');
insert into clients (id, subscription_id, last_payment) values (79, 8, '2020-04-12 00:43:58');
insert into clients (id, subscription_id, last_payment) values (80, 2, '2021-01-05 18:53:21');
insert into clients (id, subscription_id, last_payment) values (81, 3, '2020-08-30 17:39:02');
insert into clients (id, subscription_id, last_payment) values (82, 5, '2020-07-01 13:13:52');
insert into clients (id, subscription_id, last_payment) values (83, 10, '2020-03-17 02:26:34');
insert into clients (id, subscription_id, last_payment) values (84, 3, '2020-05-17 09:50:38');
insert into clients (id, subscription_id, last_payment) values (85, 10, '2020-08-26 22:34:39');
insert into clients (id, subscription_id, last_payment) values (86, 9, '2021-01-10 09:31:19');
insert into clients (id, subscription_id, last_payment) values (87, 8, '2020-06-17 07:11:52');
insert into clients (id, subscription_id, last_payment) values (88, 10, '2020-07-01 00:36:47');
insert into clients (id, subscription_id, last_payment) values (89, 7, '2021-03-06 05:24:02');
insert into clients (id, subscription_id, last_payment) values (90, 8, '2020-06-16 19:36:08');
insert into clients (id, subscription_id, last_payment) values (91, 8, '2021-02-20 16:48:47');
insert into clients (id, subscription_id, last_payment) values (92, 9, '2020-04-29 16:54:30');
insert into clients (id, subscription_id, last_payment) values (93, 3, '2020-11-30 07:54:56');
insert into clients (id, subscription_id, last_payment) values (94, 9, '2020-07-18 17:51:47');
insert into clients (id, subscription_id, last_payment) values (95, 7, '2020-09-02 21:26:58');
insert into clients (id, subscription_id, last_payment) values (96, 10, '2020-06-17 13:53:33');
insert into clients (id, subscription_id, last_payment) values (97, 10, '2021-03-04 08:12:54');
insert into clients (id, subscription_id, last_payment) values (98, 3, '2020-05-11 11:07:46');
insert into clients (id, subscription_id, last_payment) values (99, 8, '2020-12-16 17:37:23');
insert into clients (id, subscription_id, last_payment) values (100, 7, '2020-10-16 06:59:10');


